<?xml version="1.0" encoding="UTF-8"?>
<beans xmlns="http://www.springframework.org/schema/beans"
       xmlns:xsi="http://www.w3.org/2001/XMLSchema-instance"
       xmlns:amq="http://activemq.org/config/1.0"
       xsi:schemaLocation="http://www.springframework.org/schema/beans http://www.springframework.org/schema/beans/spring-beans-2.0.xsd
	   http://activemq.apache.org/camel/schema/spring http://activemq.apache.org/camel/schema/spring/camel-spring.xsd
       http://activemq.org/config/1.0 http://activemq.apache.org/schame/core/activemq-core-5.0-SNAPSHOT.xsd">

  <camelContext id="camel" xmlns="http://activemq.apache.org/camel/schema/spring">
    <package>com.progress.cs.camelaggregatortest</package>

<!-- Sample aggregator route, also defined in QuickRoutesBuilder.java -->
<!-- 
	<route streamCaching="false">
	  <from uri="seda:Temp" />
	  <aggregator strategyRef="aggregatorStrategy" batchTimeout="5000">	  	  
	    <simple>header.Test</simple>
	    <to uri="log:AggregatorLogger?showExchangeId=true"/>
	    <completedPredicate>
	      <methodCall bean="aggregatorStrategy" method="isCompleted"/>
	    </completedPredicate>
	  </aggregator>
	</route>
-->
  </camelContext>

   <!-- this bean needs to be defined in Spring -->
   <bean id="aggregatorStrategy" class="com.progress.cs.camelaggregatortest.MyAggregationStrategy"/>
</beans>
